gtfs_route__operator_ref,gtfs_route__operator_ref_target_encoded
18,438.4556419615934
14,3.9365671641791087
6,463.78875638841566
3,324.8255793590567
15,133.06455542021925
4,911.1859296482412
25,79.58668301180721
31,48.011975065616795
5,629.6073628964783
