gtfs_route__operator_ref,gtfs_route__operator_ref_target_encoded
5,776.1945819581958
18,429.01844849318206
3,206.37285466855613
25,117.12854442344046
4,218.5325227963526
15,294.10149253731345
6,367.0170807453416
14,55.36687631027254
31,60.75013698630137
